<?xml version="1.0" encoding="UTF-8"?>
<project-private xmlns="http://www.netbeans.org/ns/project-private/1">
    <editor-bookmarks xmlns="http://www.netbeans.org/ns/editor-bookmarks/2" lastBookmarkId="0"/>
    <open-files xmlns="http://www.netbeans.org/ns/projectui-open-files/2">
        <group>
            <file>file:/C:/Users/loveness/OneDrive%20-%20Tshwane%20University%20of%20Technology/Documents/NetBeansProjects/NzuriCaf&amp;Cate/web/loginError.jsp</file>
            <file>file:/C:/Users/loveness/OneDrive%20-%20Tshwane%20University%20of%20Technology/Documents/NetBeansProjects/NzuriCaf&amp;Cate/web/login.jsp</file>
            <file>file:/C:/Users/loveness/OneDrive%20-%20Tshwane%20University%20of%20Technology/Documents/NetBeansProjects/NzuriCaf&amp;Cate/web/landing_page.jsp</file>
            <file>file:/C:/Users/loveness/OneDrive%20-%20Tshwane%20University%20of%20Technology/Documents/NetBeansProjects/NzuriCaf&amp;Cate/src/java/za/ac/tut/web/PlaceOrderServlet.java</file>
            <file>file:/C:/Users/loveness/OneDrive%20-%20Tshwane%20University%20of%20Technology/Documents/NetBeansProjects/NzuriCaf&amp;Cate/web/addtocart.jsp</file>
            <file>file:/C:/Users/loveness/OneDrive%20-%20Tshwane%20University%20of%20Technology/Documents/NetBeansProjects/NzuriCaf&amp;Cate/web/index.html</file>
            <file>file:/C:/Users/loveness/OneDrive%20-%20Tshwane%20University%20of%20Technology/Documents/NetBeansProjects/NzuriCaf&amp;Cate/web/css/style.css</file>
            <file>file:/C:/Users/loveness/OneDrive%20-%20Tshwane%20University%20of%20Technology/Documents/NetBeansProjects/NzuriCaf&amp;Cate/web/signup.jsp</file>
            <file>file:/C:/Users/loveness/OneDrive%20-%20Tshwane%20University%20of%20Technology/Documents/NetBeansProjects/NzuriCaf&amp;Cate/src/java/za/ac/tut/web/SignUpServlet.java</file>
        </group>
    </open-files>
</project-private>
